{
  "disclaimer": "Usage subject to terms: https://openexchangerates.org/terms",
  "license": "https://openexchangerates.org/license",
  "timestamp": 1571490010,
  "base": "USD",
  "rates": {
    "AED": 3.6732,
    "AFN": 78.275005,
    "ALL": 110.95,
    "AMD": 477.312636,
    "ANG": 1.755172,
    "AOA": 449.0365,
    "ARS": 58.302017,
    "AUD": 1.458896,
    "AWG": 1.8,
    "AZN": 1.7025,
    "BAM": 1.757485,
    "BBD": 2,
    "BDT": 84.767633,
    "BGN": 1.752632,
    "BHD": 0.376983,
    "BIF": 1866,
    "BMD": 1,
    "BND": 1.365723,
    "BOB": 6.915579,
    "BRL": 4.1131,
    "BSD": 1,
    "BTC": 0.000125921196,
    "BTN": 71.183891,
    "BWP": 10.891925,
    "BYN": 2.038066,
    "BZD": 2.015883,
    "CAD": 1.31265,
    "CDF": 1661,
    "CHF": 0.983673,
    "CLF": 0.024866,
    "CLP": 710.699658,
    "CNH": 7.07324,
    "CNY": 7.0817,
    "COP": 3426,
    "CRC": 581.110457,
    "CUC": 1,
    "CUP": 25.75,
    "CVE": 99.4775,
    "CZK": 22.9534,
    "DJF": 178,
    "DKK": 6.6842,
    "DOP": 53.025,
    "DZD": 119.365374,
    "EGP": 16.257949,
    "ERN": 14.999542,
    "ETB": 29.705,
    "EUR": 0.895263,
    "FJD": 2.211,
    "FKP": 0.770361,
    "GBP": 0.770361,
    "GEL": 2.965,
    "GGP": 0.770361,
    "GHS": 5.48,
    "GIP": 0.770361,
    "GMD": 50.75,
    "GNF": 9230,
    "GTQ": 7.76572,
    "GYD": 208.757364,
    "HKD": 7.84351,
    "HNL": 24.73,
    "HRK": 6.668,
    "HTG": 95.746147,
    "HUF": 296.19,
    "IDR": 14131.0365,
    "ILS": 3.54365,
    "IMP": 0.770361,
    "INR": 71.0905,
    "IQD": 1190,
    "IRR": 42105,
    "ISK": 124.570012,
    "JEP": 0.770361,
    "JMD": 136.902001,
    "JOD": 0.708,
    "JPY": 108.365,
    "KES": 103.76,
    "KGS": 69.646552,
    "KHR": 4070,
    "KMF": 442.149738,
    "KPW": 900,
    "KRW": 1178.93,
    "KWD": 0.303351,
    "KYD": 0.833431,
    "KZT": 390.282882,
    "LAK": 8825,
    "LBP": 1509.223466,
    "LKR": 182.016291,
    "LRD": 211.399996,
    "LSL": 14.8,
    "LYD": 1.415,
    "MAD": 9.59875,
    "MDL": 17.298133,
    "MGA": 3640,
    "MKD": 55.126191,
    "MMK": 1532.139408,
    "MNT": 2668.126573,
    "MOP": 8.078267,
    "MRO": 357,
    "MRU": 37.2,
    "MUR": 36.372432,
    "MVR": 15.4,
    "MWK": 732.5,
    "MXN": 19.104,
    "MYR": 4.1865,
    "MZN": 62.225001,
    "NAD": 14.8,
    "NGN": 361.5,
    "NIO": 33.75,
    "NOK": 9.1598,
    "NPR": 113.894383,
    "NZD": 1.566159,
    "OMR": 0.385044,
    "PAB": 1,
    "PEN": 3.338,
    "PGK": 3.385,
    "PHP": 51.297819,
    "PKR": 155.95,
    "PLN": 3.8332,
    "PYG": 6475.163044,
    "QAR": 3.641,
    "RON": 4.2594,
    "RSD": 105.283481,
    "RUB": 63.8,
    "RWF": 925,
    "SAR": 3.751119,
    "SBD": 8.280363,
    "SCR": 13.706566,
    "SDG": 45.125,
    "SEK": 9.6378,
    "SGD": 1.36409,
    "SHP": 0.770361,
    "SLL": 7421.376661,
    "SOS": 580.5,
    "SRD": 7.458,
    "SSP": 130.26,
    "STD": 21560.79,
    "STN": 22.13,
    "SVC": 8.751157,
    "SYP": 514.8849,
    "SZL": 14.84,
    "THB": 30.296461,
    "TJS": 9.691258,
    "TMT": 3.5,
    "TND": 2.82425,
    "TOP": 2.328731,
    "TRY": 5.792,
    "TTD": 6.769053,
    "TWD": 30.552,
    "TZS": 2297.1,
    "UAH": 24.75109,
    "UGX": 3689.2788,
    "USD": 1,
    "UYU": 37.348049,
    "UZS": 9447.5,
    "VEF": 248487.642241,
    "VES": 18693.191511,
    "VND": 23135.706085,
    "VUV": 116.302408,
    "WST": 2.644916,
    "XAF": 587.254163,
    "XAG": 0.0569963,
    "XAU": 0.00067106,
    "XCD": 2.70255,
    "XDR": 0.726086,
    "XOF": 587.254163,
    "XPD": 0.00056731,
    "XPF": 106.833317,
    "XPT": 0.00112677,
    "YER": 250.349961,
    "ZAR": 14.78098,
    "ZMW": 13.216214,
    "ZWL": 322.000001
  }
}